{"cameraMode":{"drawMode":0,"name":"Shaded","section":"Shading Mode"},"sceneLighting":false,"audioPlay":false,"sceneViewState":{"m_AlwaysRefresh":false,"showFog":true,"showSkybox":true,"showFlares":true,"showImageEffects":true,"showParticleSystems":true,"showVisualEffectGraphs":true,"m_FxEnabled":true},"in2DMode":false,"pivot":{"x":0.2970859408378601,"y":1.398909568786621,"z":-1.8142688274383546},"rotation":{"x":0.18232156336307527,"y":-0.05366683751344681,"z":0.009876154363155365,"w":0.9817895293235779},"size":1.8839707374572755,"orthographic":false}