{"cameraMode":{"drawMode":0,"name":"Shaded","section":"Shading Mode"},"sceneLighting":false,"audioPlay":false,"sceneViewState":{"m_AlwaysRefresh":false,"showFog":true,"showSkybox":true,"showFlares":true,"showImageEffects":true,"showParticleSystems":true,"showVisualEffectGraphs":true,"m_FxEnabled":true},"in2DMode":false,"pivot":{"x":0.5294668078422546,"y":0.5364582538604736,"z":-0.29833322763442995},"rotation":{"x":-0.1519090086221695,"y":0.5376372337341309,"z":-0.09915705025196076,"w":-0.8234796524047852},"size":1.9964977502822877,"orthographic":false}